run_id,chan_id,num_train_values,num_test_values,n_predicted_anoms,normalized_pred_error,anom_scores,false_positives,false_negatives,true_positives,fp_sequences,tp_sequences,num_true_anoms,scores,spacecraft,anomaly_sequences,class
2025-04-27_09.46.26,P-1,2612,8245,0,0.0853571028984947,[],0,3,0,[],[],3,[],SMAP,"[[2149, 2349], [4536, 4844], [3539, 3779]]","[contextual, contextual, contextual]"
2025-04-27_09.46.26,S-1,2558,7071,1,0.17916223129529246,"[{'start_idx': np.int64(5040), 'end_idx': np.int64(5109), 'score': np.float64(2.493130748031085)}, {'start_idx': np.int64(5110), 'end_idx': np.int64(5179), 'score': np.float64(4.981603754507366)}, {'start_idx': np.int64(5180), 'end_idx': np.int64(5249), 'score': np.float64(5.4472255244434455)}, {'start_idx': np.int64(5250), 'end_idx': np.int64(5319), 'score': np.float64(5.285431479932309)}, {'start_idx': np.int64(5320), 'end_idx': np.int64(5380), 'score': np.float64(5.177977891621931)}]",0,0,1,[],"[(5290, 5630)]",1,"[{'start_idx': np.int64(5040), 'end_idx': np.int64(5109), 'score': np.float64(2.493130748031085)}, {'start_idx': np.int64(5110), 'end_idx': np.int64(5179), 'score': np.float64(4.981603754507366)}, {'start_idx': np.int64(5180), 'end_idx': np.int64(5249), 'score': np.float64(5.4472255244434455)}, {'start_idx': np.int64(5250), 'end_idx': np.int64(5319), 'score': np.float64(5.285431479932309)}, {'start_idx': np.int64(5320), 'end_idx': np.int64(5380), 'score': np.float64(5.177977891621931)}]",SMAP,"[[5300, 5747]]",[point]
2025-04-27_09.46.26,E-1,2620,8256,3,0.0742846219868096,"[{'start_idx': np.int64(1524), 'end_idx': np.int64(1754), 'score': np.float64(3.3086387037672913)}, {'start_idx': np.int64(4760), 'end_idx': np.int64(4829), 'score': np.float64(7.83523536913877)}, {'start_idx': np.int64(4830), 'end_idx': np.int64(4899), 'score': np.float64(5.881124992141444)}, {'start_idx': np.int64(5320), 'end_idx': np.int64(5389), 'score': np.float64(7.394966909218179)}, {'start_idx': np.int64(5390), 'end_idx': np.int64(5459), 'score': np.float64(9.600529896620056)}, {'start_idx': np.int64(5460), 'end_idx': np.int64(5529), 'score': np.float64(9.47747153680282)}, {'start_idx': np.int64(5530), 'end_idx': np.int64(5599), 'score': np.float64(9.126113842587259)}, {'start_idx': np.int64(5600), 'end_idx': np.int64(5669), 'score': np.float64(8.786601482615495)}, {'start_idx': np.int64(5670), 'end_idx': np.int64(5716), 'score': np.float64(7.215990430473493)}]",1,0,2,"[[1774, 2004]]","[(5010, 5149), (5570, 5966)]",2,"[{'start_idx': np.int64(1524), 'end_idx': np.int64(1754), 'score': np.float64(3.3086387037672913)}, {'start_idx': np.int64(4760), 'end_idx': np.int64(4829), 'score': np.float64(7.83523536913877)}, {'start_idx': np.int64(4830), 'end_idx': np.int64(4899), 'score': np.float64(5.881124992141444)}, {'start_idx': np.int64(5320), 'end_idx': np.int64(5389), 'score': np.float64(7.394966909218179)}, {'start_idx': np.int64(5390), 'end_idx': np.int64(5459), 'score': np.float64(9.600529896620056)}, {'start_idx': np.int64(5460), 'end_idx': np.int64(5529), 'score': np.float64(9.47747153680282)}, {'start_idx': np.int64(5530), 'end_idx': np.int64(5599), 'score': np.float64(9.126113842587259)}, {'start_idx': np.int64(5600), 'end_idx': np.int64(5669), 'score': np.float64(8.786601482615495)}, {'start_idx': np.int64(5670), 'end_idx': np.int64(5716), 'score': np.float64(7.215990430473493)}]",SMAP,"[[5000, 5030], [5610, 6086]]","[contextual, contextual]"
2025-04-27_09.46.26,E-2,2620,8272,1,0.057308164255050184,"[{'start_idx': np.int64(5320), 'end_idx': np.int64(5389), 'score': np.float64(3.234962454920656)}, {'start_idx': np.int64(5390), 'end_idx': np.int64(5459), 'score': np.float64(5.282069560868521)}, {'start_idx': np.int64(5460), 'end_idx': np.int64(5529), 'score': np.float64(6.445455207190564)}, {'start_idx': np.int64(5530), 'end_idx': np.int64(5599), 'score': np.float64(6.606126716257249)}, {'start_idx': np.int64(5600), 'end_idx': np.int64(5669), 'score': np.float64(6.336954058542995)}]",0,0,1,[],"[(5570, 5919)]",1,"[{'start_idx': np.int64(5320), 'end_idx': np.int64(5389), 'score': np.float64(3.234962454920656)}, {'start_idx': np.int64(5390), 'end_idx': np.int64(5459), 'score': np.float64(5.282069560868521)}, {'start_idx': np.int64(5460), 'end_idx': np.int64(5529), 'score': np.float64(6.445455207190564)}, {'start_idx': np.int64(5530), 'end_idx': np.int64(5599), 'score': np.float64(6.606126716257249)}, {'start_idx': np.int64(5600), 'end_idx': np.int64(5669), 'score': np.float64(6.336954058542995)}]",SMAP,"[[5598, 6995]]",[point]
2025-04-27_09.46.26,E-3,2620,8047,1,0.02035756880904263,"[{'start_idx': np.int64(5320), 'end_idx': np.int64(5389), 'score': np.float64(3.6589138988720142)}, {'start_idx': np.int64(5390), 'end_idx': np.int64(5459), 'score': np.float64(4.003142829767066)}]",0,0,1,[],"[(5570, 5709)]",1,"[{'start_idx': np.int64(5320), 'end_idx': np.int64(5389), 'score': np.float64(3.6589138988720142)}, {'start_idx': np.int64(5390), 'end_idx': np.int64(5459), 'score': np.float64(4.003142829767066)}]",SMAP,"[[5094, 8306]]",[point]
2025-04-27_09.46.26,E-4,2620,8094,1,0.056081364594637105,"[{'start_idx': np.int64(5320), 'end_idx': np.int64(5389), 'score': np.float64(2.688802310299111)}, {'start_idx': np.int64(5390), 'end_idx': np.int64(5459), 'score': np.float64(2.643979233914872)}, {'start_idx': np.int64(5460), 'end_idx': np.int64(5529), 'score': np.float64(0.9368929069923481)}, {'start_idx': np.int64(5530), 'end_idx': np.int64(5599), 'score': np.float64(0.929945104139962)}, {'start_idx': np.int64(5600), 'end_idx': np.int64(5669), 'score': np.float64(0.9844014209861818)}]",0,0,1,[],"[(5570, 5919)]",1,"[{'start_idx': np.int64(5320), 'end_idx': np.int64(5389), 'score': np.float64(2.688802310299111)}, {'start_idx': np.int64(5390), 'end_idx': np.int64(5459), 'score': np.float64(2.643979233914872)}, {'start_idx': np.int64(5460), 'end_idx': np.int64(5529), 'score': np.float64(0.9368929069923481)}, {'start_idx': np.int64(5530), 'end_idx': np.int64(5599), 'score': np.float64(0.929945104139962)}, {'start_idx': np.int64(5600), 'end_idx': np.int64(5669), 'score': np.float64(0.9844014209861818)}]",SMAP,"[[5450, 8261]]",[point]
2025-04-27_09.46.26,E-5,2620,8034,1,0.10447521135721051,"[{'start_idx': np.int64(5320), 'end_idx': np.int64(5389), 'score': np.float64(3.9037211726827747)}, {'start_idx': np.int64(5390), 'end_idx': np.int64(5459), 'score': np.float64(3.8475881180915383)}]",0,0,1,[],"[(5570, 5709)]",1,"[{'start_idx': np.int64(5320), 'end_idx': np.int64(5389), 'score': np.float64(3.9037211726827747)}, {'start_idx': np.int64(5390), 'end_idx': np.int64(5459), 'score': np.float64(3.8475881180915383)}]",SMAP,"[[5600, 5920]]",[point]
2025-04-27_09.46.26,E-6,2620,8040,1,0.00802767030326672,"[{'start_idx': np.int64(5320), 'end_idx': np.int64(5389), 'score': np.float64(16.06732215232806)}, {'start_idx': np.int64(5390), 'end_idx': np.int64(5459), 'score': np.float64(13.219296147019744)}, {'start_idx': np.int64(5460), 'end_idx': np.int64(5529), 'score': np.float64(9.303922537135948)}]",0,0,1,[],"[(5570, 5779)]",1,"[{'start_idx': np.int64(5320), 'end_idx': np.int64(5389), 'score': np.float64(16.06732215232806)}, {'start_idx': np.int64(5390), 'end_idx': np.int64(5459), 'score': np.float64(13.219296147019744)}, {'start_idx': np.int64(5460), 'end_idx': np.int64(5529), 'score': np.float64(9.303922537135948)}]",SMAP,"[[5610, 5675]]",[point]
2025-04-27_09.46.26,E-7,2509,8050,1,0.026256047094164965,"[{'start_idx': np.int64(5180), 'end_idx': np.int64(5249), 'score': np.float64(8.988852185305623)}, {'start_idx': np.int64(5250), 'end_idx': np.int64(5319), 'score': np.float64(8.034089543295094)}, {'start_idx': np.int64(5320), 'end_idx': np.int64(5389), 'score': np.float64(8.780244148572654)}, {'start_idx': np.int64(5390), 'end_idx': np.int64(5459), 'score': np.float64(8.449420836197664)}, {'start_idx': np.int64(5460), 'end_idx': np.int64(5516), 'score': np.float64(6.607956000971292)}]",0,0,1,[],"[(5430, 5766)]",1,"[{'start_idx': np.int64(5180), 'end_idx': np.int64(5249), 'score': np.float64(8.988852185305623)}, {'start_idx': np.int64(5250), 'end_idx': np.int64(5319), 'score': np.float64(8.034089543295094)}, {'start_idx': np.int64(5320), 'end_idx': np.int64(5389), 'score': np.float64(8.780244148572654)}, {'start_idx': np.int64(5390), 'end_idx': np.int64(5459), 'score': np.float64(8.449420836197664)}, {'start_idx': np.int64(5460), 'end_idx': np.int64(5516), 'score': np.float64(6.607956000971292)}]",SMAP,"[[5394, 5674]]",[point]
2025-04-27_09.46.26,E-8,2620,8272,1,0.05271404465476014,"[{'start_idx': np.int64(5390), 'end_idx': np.int64(5459), 'score': np.float64(4.173438086186983)}, {'start_idx': np.int64(5460), 'end_idx': np.int64(5529), 'score': np.float64(4.834974741058133)}, {'start_idx': np.int64(5530), 'end_idx': np.int64(5599), 'score': np.float64(5.0292691427501355)}, {'start_idx': np.int64(5600), 'end_idx': np.int64(5669), 'score': np.float64(4.619774265371624)}]",0,0,1,[],"[(5640, 5919)]",1,"[{'start_idx': np.int64(5390), 'end_idx': np.int64(5459), 'score': np.float64(4.173438086186983)}, {'start_idx': np.int64(5460), 'end_idx': np.int64(5529), 'score': np.float64(4.834974741058133)}, {'start_idx': np.int64(5530), 'end_idx': np.int64(5599), 'score': np.float64(5.0292691427501355)}, {'start_idx': np.int64(5600), 'end_idx': np.int64(5669), 'score': np.float64(4.619774265371624)}]",SMAP,"[[5400, 6022]]",[point]
2025-04-27_09.46.26,E-9,2620,8042,0,0.05929231048925791,[],0,1,0,[],[],1,[],SMAP,"[[5550, 5900]]",[point]
2025-04-27_09.46.26,E-10,2620,8245,4,0.07855695355174407,"[{'start_idx': np.int64(1468), 'end_idx': np.int64(1748), 'score': np.float64(3.0391725088307813)}, {'start_idx': np.int64(1917), 'end_idx': np.int64(2099), 'score': np.float64(2.8090945047781366)}, {'start_idx': np.int64(4760), 'end_idx': np.int64(4829), 'score': np.float64(6.321051448394123)}, {'start_idx': np.int64(4830), 'end_idx': np.int64(4899), 'score': np.float64(4.81925294829943)}, {'start_idx': np.int64(5320), 'end_idx': np.int64(5389), 'score': np.float64(7.37577667033896)}, {'start_idx': np.int64(5390), 'end_idx': np.int64(5459), 'score': np.float64(11.078871459941158)}, {'start_idx': np.int64(5460), 'end_idx': np.int64(5529), 'score': np.float64(10.57311024899901)}, {'start_idx': np.int64(5530), 'end_idx': np.int64(5599), 'score': np.float64(9.919150940338097)}, {'start_idx': np.int64(5600), 'end_idx': np.int64(5669), 'score': np.float64(9.432282849818208)}, {'start_idx': np.int64(5670), 'end_idx': np.int64(5714), 'score': np.float64(7.749224082752878)}]",2,0,2,"[[1718, 1998], [2167, 2349]]","[(5010, 5149), (5570, 5964)]",2,"[{'start_idx': np.int64(1468), 'end_idx': np.int64(1748), 'score': np.float64(3.0391725088307813)}, {'start_idx': np.int64(1917), 'end_idx': np.int64(2099), 'score': np.float64(2.8090945047781366)}, {'start_idx': np.int64(4760), 'end_idx': np.int64(4829), 'score': np.float64(6.321051448394123)}, {'start_idx': np.int64(4830), 'end_idx': np.int64(4899), 'score': np.float64(4.81925294829943)}, {'start_idx': np.int64(5320), 'end_idx': np.int64(5389), 'score': np.float64(7.37577667033896)}, {'start_idx': np.int64(5390), 'end_idx': np.int64(5459), 'score': np.float64(11.078871459941158)}, {'start_idx': np.int64(5460), 'end_idx': np.int64(5529), 'score': np.float64(10.57311024899901)}, {'start_idx': np.int64(5530), 'end_idx': np.int64(5599), 'score': np.float64(9.919150940338097)}, {'start_idx': np.int64(5600), 'end_idx': np.int64(5669), 'score': np.float64(9.432282849818208)}, {'start_idx': np.int64(5670), 'end_idx': np.int64(5714), 'score': np.float64(7.749224082752878)}]",SMAP,"[[5000, 5050], [5601, 5871]]","[contextual, contextual]"
2025-04-27_09.46.26,E-11,2620,8254,3,0.08461910511098135,"[{'start_idx': np.int64(1468), 'end_idx': np.int64(1759), 'score': np.float64(3.9332216764921304)}, {'start_idx': np.int64(4760), 'end_idx': np.int64(4829), 'score': np.float64(6.910566546315253)}, {'start_idx': np.int64(4830), 'end_idx': np.int64(4899), 'score': np.float64(5.113023463133753)}, {'start_idx': np.int64(5320), 'end_idx': np.int64(5389), 'score': np.float64(7.868307263057085)}, {'start_idx': np.int64(5390), 'end_idx': np.int64(5459), 'score': np.float64(11.418826153278367)}, {'start_idx': np.int64(5460), 'end_idx': np.int64(5529), 'score': np.float64(10.80440450467949)}, {'start_idx': np.int64(5530), 'end_idx': np.int64(5599), 'score': np.float64(10.090092902358656)}, {'start_idx': np.int64(5600), 'end_idx': np.int64(5669), 'score': np.float64(9.410790436121093)}, {'start_idx': np.int64(5670), 'end_idx': np.int64(5712), 'score': np.float64(7.83964161253547)}]",1,0,2,"[[1718, 2009]]","[(5010, 5149), (5570, 5962)]",2,"[{'start_idx': np.int64(1468), 'end_idx': np.int64(1759), 'score': np.float64(3.9332216764921304)}, {'start_idx': np.int64(4760), 'end_idx': np.int64(4829), 'score': np.float64(6.910566546315253)}, {'start_idx': np.int64(4830), 'end_idx': np.int64(4899), 'score': np.float64(5.113023463133753)}, {'start_idx': np.int64(5320), 'end_idx': np.int64(5389), 'score': np.float64(7.868307263057085)}, {'start_idx': np.int64(5390), 'end_idx': np.int64(5459), 'score': np.float64(11.418826153278367)}, {'start_idx': np.int64(5460), 'end_idx': np.int64(5529), 'score': np.float64(10.80440450467949)}, {'start_idx': np.int64(5530), 'end_idx': np.int64(5599), 'score': np.float64(10.090092902358656)}, {'start_idx': np.int64(5600), 'end_idx': np.int64(5669), 'score': np.float64(9.410790436121093)}, {'start_idx': np.int64(5670), 'end_idx': np.int64(5712), 'score': np.float64(7.83964161253547)}]",SMAP,"[[5000, 5050], [5614, 5857]]","[contextual, contextual]"
2025-04-27_09.46.26,E-12,2620,8252,5,0.06585628828245982,"[{'start_idx': np.int64(1469), 'end_idx': np.int64(1752), 'score': np.float64(3.6684774450749638)}, {'start_idx': np.int64(4760), 'end_idx': np.int64(4829), 'score': np.float64(8.101198900585837)}, {'start_idx': np.int64(4830), 'end_idx': np.int64(4899), 'score': np.float64(6.087960714118453)}, {'start_idx': np.int64(5320), 'end_idx': np.int64(5389), 'score': np.float64(7.516821250634059)}, {'start_idx': np.int64(5390), 'end_idx': np.int64(5459), 'score': np.float64(6.835008121109432)}, {'start_idx': np.int64(5460), 'end_idx': np.int64(5518), 'score': np.float64(5.730111267807378)}, {'start_idx': np.int64(5530), 'end_idx': np.int64(5599), 'score': np.float64(6.159536161612454)}, {'start_idx': np.int64(5600), 'end_idx': np.int64(5669), 'score': np.float64(6.701491463632826)}, {'start_idx': np.int64(5740), 'end_idx': np.int64(5809), 'score': np.float64(6.37480363065288)}, {'start_idx': np.int64(5810), 'end_idx': np.int64(5879), 'score': np.float64(6.707686860604648)}, {'start_idx': np.int64(5880), 'end_idx': np.int64(5949), 'score': np.float64(7.182126733380263)}, {'start_idx': np.int64(5950), 'end_idx': np.int64(6019), 'score': np.float64(6.402627659563543)}, {'start_idx': np.int64(6020), 'end_idx': np.int64(6089), 'score': np.float64(6.648422106717604)}, {'start_idx': np.int64(6090), 'end_idx': np.int64(6159), 'score': np.float64(6.803068222597605)}, {'start_idx': np.int64(6160), 'end_idx': np.int64(6229), 'score': np.float64(6.877067129828135)}, {'start_idx': np.int64(6230), 'end_idx': np.int64(6299), 'score': np.float64(6.615840277348533)}, {'start_idx': np.int64(6300), 'end_idx': np.int64(6344), 'score': np.float64(5.931521647949117)}]",1,0,2,"[[1719, 2002]]","[(5010, 5149), (5570, 5768), (5780, 5919), (5990, 6594)]",2,"[{'start_idx': np.int64(1469), 'end_idx': np.int64(1752), 'score': np.float64(3.6684774450749638)}, {'start_idx': np.int64(4760), 'end_idx': np.int64(4829), 'score': np.float64(8.101198900585837)}, {'start_idx': np.int64(4830), 'end_idx': np.int64(4899), 'score': np.float64(6.087960714118453)}, {'start_idx': np.int64(5320), 'end_idx': np.int64(5389), 'score': np.float64(7.516821250634059)}, {'start_idx': np.int64(5390), 'end_idx': np.int64(5459), 'score': np.float64(6.835008121109432)}, {'start_idx': np.int64(5460), 'end_idx': np.int64(5518), 'score': np.float64(5.730111267807378)}, {'start_idx': np.int64(5530), 'end_idx': np.int64(5599), 'score': np.float64(6.159536161612454)}, {'start_idx': np.int64(5600), 'end_idx': np.int64(5669), 'score': np.float64(6.701491463632826)}, {'start_idx': np.int64(5740), 'end_idx': np.int64(5809), 'score': np.float64(6.37480363065288)}, {'start_idx': np.int64(5810), 'end_idx': np.int64(5879), 'score': np.float64(6.707686860604648)}, {'start_idx': np.int64(5880), 'end_idx': np.int64(5949), 'score': np.float64(7.182126733380263)}, {'start_idx': np.int64(5950), 'end_idx': np.int64(6019), 'score': np.float64(6.402627659563543)}, {'start_idx': np.int64(6020), 'end_idx': np.int64(6089), 'score': np.float64(6.648422106717604)}, {'start_idx': np.int64(6090), 'end_idx': np.int64(6159), 'score': np.float64(6.803068222597605)}, {'start_idx': np.int64(6160), 'end_idx': np.int64(6229), 'score': np.float64(6.877067129828135)}, {'start_idx': np.int64(6230), 'end_idx': np.int64(6299), 'score': np.float64(6.615840277348533)}, {'start_idx': np.int64(6300), 'end_idx': np.int64(6344), 'score': np.float64(5.931521647949117)}]",SMAP,"[[5610, 6141], [5000, 5050]]","[contextual, contextual]"
2025-04-27_09.46.26,E-13,2620,8380,4,0.05739534500019681,"[{'start_idx': np.int64(1092), 'end_idx': np.int64(1435), 'score': np.float64(2.8516342076595556)}, {'start_idx': np.int64(1510), 'end_idx': np.int64(1721), 'score': np.float64(2.6603552876225005)}, {'start_idx': np.int64(5320), 'end_idx': np.int64(5389), 'score': np.float64(3.526295922988925)}, {'start_idx': np.int64(5390), 'end_idx': np.int64(5459), 'score': np.float64(3.791702856631955)}, {'start_idx': np.int64(6230), 'end_idx': np.int64(6299), 'score': np.float64(4.074990142861382)}]",2,1,2,"[[1342, 1685], [1760, 1971]]","[(5570, 5709), (6480, 6549)]",3,"[{'start_idx': np.int64(1092), 'end_idx': np.int64(1435), 'score': np.float64(2.8516342076595556)}, {'start_idx': np.int64(1510), 'end_idx': np.int64(1721), 'score': np.float64(2.6603552876225005)}, {'start_idx': np.int64(5320), 'end_idx': np.int64(5389), 'score': np.float64(3.526295922988925)}, {'start_idx': np.int64(5390), 'end_idx': np.int64(5459), 'score': np.float64(3.791702856631955)}, {'start_idx': np.int64(6230), 'end_idx': np.int64(6299), 'score': np.float64(4.074990142861382)}]",SMAP,"[[5309, 5410], [5600, 5640], [6449, 6569]]","[contextual, contextual, contextual]"
2025-04-27_09.46.26,A-1,2620,8380,1,0.006887628671519796,"[{'start_idx': np.int64(4480), 'end_idx': np.int64(4549), 'score': np.float64(5.56060854281069)}, {'start_idx': np.int64(4550), 'end_idx': np.int64(4619), 'score': np.float64(4.595589169689331)}]",0,0,1,[],"[(4730, 4869)]",1,"[{'start_idx': np.int64(4480), 'end_idx': np.int64(4549), 'score': np.float64(5.56060854281069)}, {'start_idx': np.int64(4550), 'end_idx': np.int64(4619), 'score': np.float64(4.595589169689331)}]",SMAP,"[[4690, 4774]]",[point]
2025-04-27_09.46.26,D-1,2589,8249,1,0.07670993658614687,"[{'start_idx': np.int64(4970), 'end_idx': np.int64(5039), 'score': np.float64(1.6237339137612077)}, {'start_idx': np.int64(5040), 'end_idx': np.int64(5109), 'score': np.float64(1.7666709104583869)}, {'start_idx': np.int64(5110), 'end_idx': np.int64(5179), 'score': np.float64(0.7072369614061421)}, {'start_idx': np.int64(5180), 'end_idx': np.int64(5249), 'score': np.float64(0.7451505191260271)}, {'start_idx': np.int64(5250), 'end_idx': np.int64(5319), 'score': np.float64(0.8069811521381061)}, {'start_idx': np.int64(5320), 'end_idx': np.int64(5389), 'score': np.float64(5.820770307009235)}, {'start_idx': np.int64(5390), 'end_idx': np.int64(5459), 'score': np.float64(7.11216120690027)}, {'start_idx': np.int64(5460), 'end_idx': np.int64(5529), 'score': np.float64(7.5630118717662675)}, {'start_idx': np.int64(5530), 'end_idx': np.int64(5599), 'score': np.float64(7.718282114384598)}, {'start_idx': np.int64(5600), 'end_idx': np.int64(5669), 'score': np.float64(7.484955113801744)}]",0,0,1,[],"[(5220, 5919)]",1,"[{'start_idx': np.int64(4970), 'end_idx': np.int64(5039), 'score': np.float64(1.6237339137612077)}, {'start_idx': np.int64(5040), 'end_idx': np.int64(5109), 'score': np.float64(1.7666709104583869)}, {'start_idx': np.int64(5110), 'end_idx': np.int64(5179), 'score': np.float64(0.7072369614061421)}, {'start_idx': np.int64(5180), 'end_idx': np.int64(5249), 'score': np.float64(0.7451505191260271)}, {'start_idx': np.int64(5250), 'end_idx': np.int64(5319), 'score': np.float64(0.8069811521381061)}, {'start_idx': np.int64(5320), 'end_idx': np.int64(5389), 'score': np.float64(5.820770307009235)}, {'start_idx': np.int64(5390), 'end_idx': np.int64(5459), 'score': np.float64(7.11216120690027)}, {'start_idx': np.int64(5460), 'end_idx': np.int64(5529), 'score': np.float64(7.5630118717662675)}, {'start_idx': np.int64(5530), 'end_idx': np.int64(5599), 'score': np.float64(7.718282114384598)}, {'start_idx': np.int64(5600), 'end_idx': np.int64(5669), 'score': np.float64(7.484955113801744)}]",SMAP,"[[5250, 8508]]",[point]
2025-04-27_09.46.26,P-2,2561,7949,1,0.054456507104673,"[{'start_idx': np.int64(5040), 'end_idx': np.int64(5109), 'score': np.float64(12.340985384307626)}, {'start_idx': np.int64(5110), 'end_idx': np.int64(5179), 'score': np.float64(13.38715646813338)}, {'start_idx': np.int64(5180), 'end_idx': np.int64(5249), 'score': np.float64(12.137646948686543)}, {'start_idx': np.int64(5250), 'end_idx': np.int64(5319), 'score': np.float64(11.002362959059406)}, {'start_idx': np.int64(5320), 'end_idx': np.int64(5389), 'score': np.float64(10.344755739484242)}, {'start_idx': np.int64(5390), 'end_idx': np.int64(5459), 'score': np.float64(9.805509004011952)}, {'start_idx': np.int64(5460), 'end_idx': np.int64(5502), 'score': np.float64(9.204638120201237)}]",0,0,1,[],"[(5290, 5752)]",1,"[{'start_idx': np.int64(5040), 'end_idx': np.int64(5109), 'score': np.float64(12.340985384307626)}, {'start_idx': np.int64(5110), 'end_idx': np.int64(5179), 'score': np.float64(13.38715646813338)}, {'start_idx': np.int64(5180), 'end_idx': np.int64(5249), 'score': np.float64(12.137646948686543)}, {'start_idx': np.int64(5250), 'end_idx': np.int64(5319), 'score': np.float64(11.002362959059406)}, {'start_idx': np.int64(5320), 'end_idx': np.int64(5389), 'score': np.float64(10.344755739484242)}, {'start_idx': np.int64(5390), 'end_idx': np.int64(5459), 'score': np.float64(9.805509004011952)}, {'start_idx': np.int64(5460), 'end_idx': np.int64(5502), 'score': np.float64(9.204638120201237)}]",SMAP,"[[5350, 6575]]",[point]
2025-04-27_09.46.26,P-3,2595,8233,2,0.034489769153069956,"[{'start_idx': np.int64(5110), 'end_idx': np.int64(5179), 'score': np.float64(4.0803473547931395)}, {'start_idx': np.int64(5180), 'end_idx': np.int64(5249), 'score': np.float64(7.674291383858818)}, {'start_idx': np.int64(5250), 'end_idx': np.int64(5319), 'score': np.float64(7.966620862950998)}, {'start_idx': np.int64(5320), 'end_idx': np.int64(5389), 'score': np.float64(6.846777010953102)}, {'start_idx': np.int64(5390), 'end_idx': np.int64(5424), 'score': np.float64(5.798263289660633)}, {'start_idx': np.int64(5530), 'end_idx': np.int64(5599), 'score': np.float64(8.276728681131539)}, {'start_idx': np.int64(5600), 'end_idx': np.int64(5669), 'score': np.float64(8.557588828379059)}, {'start_idx': np.int64(5670), 'end_idx': np.int64(5739), 'score': np.float64(8.284147783601805)}, {'start_idx': np.int64(5740), 'end_idx': np.int64(5809), 'score': np.float64(7.665653660683839)}]",0,0,1,[],"[(5360, 5674), (5780, 6059)]",1,"[{'start_idx': np.int64(5110), 'end_idx': np.int64(5179), 'score': np.float64(4.0803473547931395)}, {'start_idx': np.int64(5180), 'end_idx': np.int64(5249), 'score': np.float64(7.674291383858818)}, {'start_idx': np.int64(5250), 'end_idx': np.int64(5319), 'score': np.float64(7.966620862950998)}, {'start_idx': np.int64(5320), 'end_idx': np.int64(5389), 'score': np.float64(6.846777010953102)}, {'start_idx': np.int64(5390), 'end_idx': np.int64(5424), 'score': np.float64(5.798263289660633)}, {'start_idx': np.int64(5530), 'end_idx': np.int64(5599), 'score': np.float64(8.276728681131539)}, {'start_idx': np.int64(5600), 'end_idx': np.int64(5669), 'score': np.float64(8.557588828379059)}, {'start_idx': np.int64(5670), 'end_idx': np.int64(5739), 'score': np.float64(8.284147783601805)}, {'start_idx': np.int64(5740), 'end_idx': np.int64(5809), 'score': np.float64(7.665653660683839)}]",SMAP,"[[5401, 6736]]",[point]
2025-04-27_09.46.26,D-2,2620,8335,2,0.05198541007171724,"[{'start_idx': np.int64(4410), 'end_idx': np.int64(4479), 'score': np.float64(12.248721643313223)}, {'start_idx': np.int64(4480), 'end_idx': np.int64(4549), 'score': np.float64(10.303715213779624)}, {'start_idx': np.int64(4550), 'end_idx': np.int64(4619), 'score': np.float64(9.046843886655235)}, {'start_idx': np.int64(8120), 'end_idx': np.int64(8120), 'score': np.float64(0.3629269848588541)}, {'start_idx': np.int64(8190), 'end_idx': np.int64(8259), 'score': np.float64(2.210672664064811)}]",0,0,1,[],"[(4660, 4869), (8440, 8509)]",1,"[{'start_idx': np.int64(4410), 'end_idx': np.int64(4479), 'score': np.float64(12.248721643313223)}, {'start_idx': np.int64(4480), 'end_idx': np.int64(4549), 'score': np.float64(10.303715213779624)}, {'start_idx': np.int64(4550), 'end_idx': np.int64(4619), 'score': np.float64(9.046843886655235)}, {'start_idx': np.int64(8120), 'end_idx': np.int64(8120), 'score': np.float64(0.3629269848588541)}, {'start_idx': np.int64(8190), 'end_idx': np.int64(8259), 'score': np.float64(2.210672664064811)}]",SMAP,"[[4319, 8536]]",[point]
2025-04-27_09.46.26,D-3,2620,8380,2,0.09064832768470259,"[{'start_idx': np.int64(5110), 'end_idx': np.int64(5179), 'score': np.float64(10.174161262592769)}, {'start_idx': np.int64(5180), 'end_idx': np.int64(5249), 'score': np.float64(10.544501097110151)}, {'start_idx': np.int64(5250), 'end_idx': np.int64(5319), 'score': np.float64(10.148938174093347)}, {'start_idx': np.int64(5320), 'end_idx': np.int64(5389), 'score': np.float64(9.8456817572309)}, {'start_idx': np.int64(5390), 'end_idx': np.int64(5459), 'score': np.float64(9.497152218047374)}, {'start_idx': np.int64(5460), 'end_idx': np.int64(5529), 'score': np.float64(9.162912696331729)}, {'start_idx': np.int64(5530), 'end_idx': np.int64(5599), 'score': np.float64(8.88629888951772)}, {'start_idx': np.int64(7560), 'end_idx': np.int64(7629), 'score': np.float64(3.731551073666317)}, {'start_idx': np.int64(7630), 'end_idx': np.int64(7699), 'score': np.float64(4.20369090166345)}, {'start_idx': np.int64(7700), 'end_idx': np.int64(7769), 'score': np.float64(4.741128239512324)}, {'start_idx': np.int64(7770), 'end_idx': np.int64(7839), 'score': np.float64(5.2148523081770914)}, {'start_idx': np.int64(7840), 'end_idx': np.int64(7909), 'score': np.float64(5.649985215201955)}, {'start_idx': np.int64(7910), 'end_idx': np.int64(7979), 'score': np.float64(5.9298327783507485)}, {'start_idx': np.int64(7980), 'end_idx': np.int64(8049), 'score': np.float64(6.128201762067833)}, {'start_idx': np.int64(8050), 'end_idx': np.int64(8119), 'score': np.float64(6.229407186820716)}, {'start_idx': np.int64(8120), 'end_idx': np.int64(8189), 'score': np.float64(6.309511499509297)}]",0,0,1,[],"[(5360, 5849), (7810, 8439)]",1,"[{'start_idx': np.int64(5110), 'end_idx': np.int64(5179), 'score': np.float64(10.174161262592769)}, {'start_idx': np.int64(5180), 'end_idx': np.int64(5249), 'score': np.float64(10.544501097110151)}, {'start_idx': np.int64(5250), 'end_idx': np.int64(5319), 'score': np.float64(10.148938174093347)}, {'start_idx': np.int64(5320), 'end_idx': np.int64(5389), 'score': np.float64(9.8456817572309)}, {'start_idx': np.int64(5390), 'end_idx': np.int64(5459), 'score': np.float64(9.497152218047374)}, {'start_idx': np.int64(5460), 'end_idx': np.int64(5529), 'score': np.float64(9.162912696331729)}, {'start_idx': np.int64(5530), 'end_idx': np.int64(5599), 'score': np.float64(8.88629888951772)}, {'start_idx': np.int64(7560), 'end_idx': np.int64(7629), 'score': np.float64(3.731551073666317)}, {'start_idx': np.int64(7630), 'end_idx': np.int64(7699), 'score': np.float64(4.20369090166345)}, {'start_idx': np.int64(7700), 'end_idx': np.int64(7769), 'score': np.float64(4.741128239512324)}, {'start_idx': np.int64(7770), 'end_idx': np.int64(7839), 'score': np.float64(5.2148523081770914)}, {'start_idx': np.int64(7840), 'end_idx': np.int64(7909), 'score': np.float64(5.649985215201955)}, {'start_idx': np.int64(7910), 'end_idx': np.int64(7979), 'score': np.float64(5.9298327783507485)}, {'start_idx': np.int64(7980), 'end_idx': np.int64(8049), 'score': np.float64(6.128201762067833)}, {'start_idx': np.int64(8050), 'end_idx': np.int64(8119), 'score': np.float64(6.229407186820716)}, {'start_idx': np.int64(8120), 'end_idx': np.int64(8189), 'score': np.float64(6.309511499509297)}]",SMAP,"[[5225, 8500]]",[point]
2025-04-27_09.46.26,D-4,2573,8213,1,0.06218458301922632,"[{'start_idx': np.int64(5040), 'end_idx': np.int64(5109), 'score': np.float64(12.28327675573247)}, {'start_idx': np.int64(5110), 'end_idx': np.int64(5179), 'score': np.float64(11.653416320351866)}, {'start_idx': np.int64(5180), 'end_idx': np.int64(5249), 'score': np.float64(11.006573646139532)}, {'start_idx': np.int64(5250), 'end_idx': np.int64(5319), 'score': np.float64(10.43186265749991)}, {'start_idx': np.int64(5320), 'end_idx': np.int64(5389), 'score': np.float64(9.912601748476591)}, {'start_idx': np.int64(5390), 'end_idx': np.int64(5459), 'score': np.float64(9.582623442752464)}, {'start_idx': np.int64(5460), 'end_idx': np.int64(5529), 'score': np.float64(9.184952370509702)}, {'start_idx': np.int64(5530), 'end_idx': np.int64(5599), 'score': np.float64(8.851392279862159)}]",0,0,1,[],"[(5290, 5849)]",1,"[{'start_idx': np.int64(5040), 'end_idx': np.int64(5109), 'score': np.float64(12.28327675573247)}, {'start_idx': np.int64(5110), 'end_idx': np.int64(5179), 'score': np.float64(11.653416320351866)}, {'start_idx': np.int64(5180), 'end_idx': np.int64(5249), 'score': np.float64(11.006573646139532)}, {'start_idx': np.int64(5250), 'end_idx': np.int64(5319), 'score': np.float64(10.43186265749991)}, {'start_idx': np.int64(5320), 'end_idx': np.int64(5389), 'score': np.float64(9.912601748476591)}, {'start_idx': np.int64(5390), 'end_idx': np.int64(5459), 'score': np.float64(9.582623442752464)}, {'start_idx': np.int64(5460), 'end_idx': np.int64(5529), 'score': np.float64(9.184952370509702)}, {'start_idx': np.int64(5530), 'end_idx': np.int64(5599), 'score': np.float64(8.851392279862159)}]",SMAP,"[[5225, 8472]]",[point]
2025-04-27_09.46.26,A-2,2388,7654,1,0.08848600699029414,"[{'start_idx': np.int64(4270), 'end_idx': np.int64(4339), 'score': np.float64(3.937011610808194)}, {'start_idx': np.int64(4340), 'end_idx': np.int64(4409), 'score': np.float64(4.218081195013474)}]",0,0,1,[],"[(4520, 4659)]",1,"[{'start_idx': np.int64(4270), 'end_idx': np.int64(4339), 'score': np.float64(3.937011610808194)}, {'start_idx': np.int64(4340), 'end_idx': np.int64(4409), 'score': np.float64(4.218081195013474)}]",SMAP,"[[4450, 4560]]",[contextual]
2025-04-27_09.46.26,A-3,2476,7945,2,0.051276128288437736,"[{'start_idx': np.int64(840), 'end_idx': np.int64(1096), 'score': np.float64(2.5251051887583316)}, {'start_idx': np.int64(4340), 'end_idx': np.int64(4409), 'score': np.float64(3.2870286599341996)}, {'start_idx': np.int64(4410), 'end_idx': np.int64(4479), 'score': np.float64(3.4996380376844174)}, {'start_idx': np.int64(4480), 'end_idx': np.int64(4549), 'score': np.float64(3.8933837849002417)}]",1,0,1,"[[1090, 1346]]","[(4590, 4799)]",1,"[{'start_idx': np.int64(840), 'end_idx': np.int64(1096), 'score': np.float64(2.5251051887583316)}, {'start_idx': np.int64(4340), 'end_idx': np.int64(4409), 'score': np.float64(3.2870286599341996)}, {'start_idx': np.int64(4410), 'end_idx': np.int64(4479), 'score': np.float64(3.4996380376844174)}, {'start_idx': np.int64(4480), 'end_idx': np.int64(4549), 'score': np.float64(3.8933837849002417)}]",SMAP,"[[4575, 4760]]",[contextual]
2025-04-27_09.46.26,A-4,2430,7820,2,0.05722427305038037,"[{'start_idx': np.int64(820), 'end_idx': np.int64(1101), 'score': np.float64(2.089499949086145)}, {'start_idx': np.int64(4270), 'end_idx': np.int64(4339), 'score': np.float64(1.8657842678379288)}, {'start_idx': np.int64(4340), 'end_idx': np.int64(4409), 'score': np.float64(3.3712710913706525)}, {'start_idx': np.int64(4410), 'end_idx': np.int64(4479), 'score': np.float64(3.466811805621372)}]",1,0,1,"[[1070, 1351]]","[(4520, 4729)]",1,"[{'start_idx': np.int64(820), 'end_idx': np.int64(1101), 'score': np.float64(2.089499949086145)}, {'start_idx': np.int64(4270), 'end_idx': np.int64(4339), 'score': np.float64(1.8657842678379288)}, {'start_idx': np.int64(4340), 'end_idx': np.int64(4409), 'score': np.float64(3.3712710913706525)}, {'start_idx': np.int64(4410), 'end_idx': np.int64(4479), 'score': np.float64(3.466811805621372)}]",SMAP,"[[4550, 4660]]",[contextual]
2025-04-27_09.46.26,G-1,2560,8209,2,0.07836121044903098,"[{'start_idx': np.int64(1505), 'end_idx': np.int64(1727), 'score': np.float64(2.329155378337404)}, {'start_idx': np.int64(8139), 'end_idx': np.int64(8208), 'score': np.float64(4.640153121632451)}]",2,1,0,"[[1755, 1977], [8389, 8458]]",[],1,"[{'start_idx': np.int64(1505), 'end_idx': np.int64(1727), 'score': np.float64(2.329155378337404)}, {'start_idx': np.int64(8139), 'end_idx': np.int64(8208), 'score': np.float64(4.640153121632451)}]",SMAP,"[[4770, 4890]]",[contextual]
2025-04-27_09.46.26,G-2,2218,7101,1,0.011201457328619109,"[{'start_idx': np.int64(3780), 'end_idx': np.int64(3849), 'score': np.float64(3.807001499476512)}, {'start_idx': np.int64(3850), 'end_idx': np.int64(3919), 'score': np.float64(2.9068683283021284)}]",0,0,1,[],"[(4030, 4169)]",1,"[{'start_idx': np.int64(3780), 'end_idx': np.int64(3849), 'score': np.float64(3.807001499476512)}, {'start_idx': np.int64(3850), 'end_idx': np.int64(3919), 'score': np.float64(2.9068683283021284)}]",SMAP,"[[4030, 4070]]",[point]
2025-04-27_09.46.26,D-5,2301,7368,0,0.48309604785030524,[],0,1,0,[],[],1,[],SMAP,"[[4800, 4850]]",[point]
2025-04-27_09.46.26,D-6,2334,7624,1,0.03049742382734405,"[{'start_idx': np.int64(4620), 'end_idx': np.int64(4689), 'score': np.float64(4.81883783441888)}, {'start_idx': np.int64(4690), 'end_idx': np.int64(4759), 'score': np.float64(4.773151343086329)}]",0,0,1,[],"[(4870, 5009)]",1,"[{'start_idx': np.int64(4620), 'end_idx': np.int64(4689), 'score': np.float64(4.81883783441888)}, {'start_idx': np.int64(4690), 'end_idx': np.int64(4759), 'score': np.float64(4.773151343086329)}]",SMAP,"[[4870, 4950]]",[point]
2025-04-27_09.46.26,D-7,2323,7382,2,0.061393410669888494,"[{'start_idx': np.int64(4760), 'end_idx': np.int64(4829), 'score': np.float64(1.7727337048035008)}, {'start_idx': np.int64(4830), 'end_idx': np.int64(4899), 'score': np.float64(2.691672289399895)}, {'start_idx': np.int64(4900), 'end_idx': np.int64(4969), 'score': np.float64(3.197072505807452)}, {'start_idx': np.int64(4970), 'end_idx': np.int64(5039), 'score': np.float64(3.524027090354474)}, {'start_idx': np.int64(5040), 'end_idx': np.int64(5109), 'score': np.float64(3.691516776978)}, {'start_idx': np.int64(5110), 'end_idx': np.int64(5179), 'score': np.float64(3.793176263625319)}, {'start_idx': np.int64(5180), 'end_idx': np.int64(5249), 'score': np.float64(5.045268708191578)}, {'start_idx': np.int64(5250), 'end_idx': np.int64(5319), 'score': np.float64(5.781208441442216)}, {'start_idx': np.int64(5320), 'end_idx': np.int64(5389), 'score': np.float64(5.921422806029541)}, {'start_idx': np.int64(5390), 'end_idx': np.int64(5459), 'score': np.float64(6.002157870147806)}, {'start_idx': np.int64(5460), 'end_idx': np.int64(5529), 'score': np.float64(6.4636318117536415)}, {'start_idx': np.int64(5530), 'end_idx': np.int64(5599), 'score': np.float64(6.585284689912125)}, {'start_idx': np.int64(5600), 'end_idx': np.int64(5669), 'score': np.float64(6.527620893056312)}, {'start_idx': np.int64(7210), 'end_idx': np.int64(7279), 'score': np.float64(3.7595857669413775)}]",0,0,1,[],"[(5010, 5919), (7460, 7529)]",1,"[{'start_idx': np.int64(4760), 'end_idx': np.int64(4829), 'score': np.float64(1.7727337048035008)}, {'start_idx': np.int64(4830), 'end_idx': np.int64(4899), 'score': np.float64(2.691672289399895)}, {'start_idx': np.int64(4900), 'end_idx': np.int64(4969), 'score': np.float64(3.197072505807452)}, {'start_idx': np.int64(4970), 'end_idx': np.int64(5039), 'score': np.float64(3.524027090354474)}, {'start_idx': np.int64(5040), 'end_idx': np.int64(5109), 'score': np.float64(3.691516776978)}, {'start_idx': np.int64(5110), 'end_idx': np.int64(5179), 'score': np.float64(3.793176263625319)}, {'start_idx': np.int64(5180), 'end_idx': np.int64(5249), 'score': np.float64(5.045268708191578)}, {'start_idx': np.int64(5250), 'end_idx': np.int64(5319), 'score': np.float64(5.781208441442216)}, {'start_idx': np.int64(5320), 'end_idx': np.int64(5389), 'score': np.float64(5.921422806029541)}, {'start_idx': np.int64(5390), 'end_idx': np.int64(5459), 'score': np.float64(6.002157870147806)}, {'start_idx': np.int64(5460), 'end_idx': np.int64(5529), 'score': np.float64(6.4636318117536415)}, {'start_idx': np.int64(5530), 'end_idx': np.int64(5599), 'score': np.float64(6.585284689912125)}, {'start_idx': np.int64(5600), 'end_idx': np.int64(5669), 'score': np.float64(6.527620893056312)}, {'start_idx': np.int64(7210), 'end_idx': np.int64(7279), 'score': np.float64(3.7595857669413775)}]",SMAP,"[[4940, 7641]]",[point]
2025-04-27_09.46.26,F-1,2609,8324,0,0.300766149536582,[],0,1,0,[],[],1,[],SMAP,"[[5392, 5492]]",[point]
2025-04-27_09.46.26,P-4,2349,7523,3,0.009722293090760097,"[{'start_idx': np.int64(681), 'end_idx': np.int64(936), 'score': np.float64(10.2251823639805)}, {'start_idx': np.int64(1921), 'end_idx': np.int64(2099), 'score': np.float64(8.785425629202571)}, {'start_idx': np.int64(4550), 'end_idx': np.int64(4619), 'score': np.float64(8.566216703367997)}, {'start_idx': np.int64(4620), 'end_idx': np.int64(4689), 'score': np.float64(6.670211130977173)}, {'start_idx': np.int64(4690), 'end_idx': np.int64(4732), 'score': np.float64(5.505321703105635)}]",0,0,3,[],"[(931, 1186), (2171, 2349), (4800, 4982)]",3,"[{'start_idx': np.int64(681), 'end_idx': np.int64(936), 'score': np.float64(10.2251823639805)}, {'start_idx': np.int64(1921), 'end_idx': np.int64(2099), 'score': np.float64(8.785425629202571)}, {'start_idx': np.int64(4550), 'end_idx': np.int64(4619), 'score': np.float64(8.566216703367997)}, {'start_idx': np.int64(4620), 'end_idx': np.int64(4689), 'score': np.float64(6.670211130977173)}, {'start_idx': np.int64(4690), 'end_idx': np.int64(4732), 'score': np.float64(5.505321703105635)}]",SMAP,"[[950, 1080], [2150, 2350], [4770, 4880]]","[point, point, point]"
2025-04-27_09.46.26,G-3,2364,7647,2,0.011997653419724068,"[{'start_idx': np.int64(3920), 'end_idx': np.int64(3989), 'score': np.float64(3.501613155891808)}, {'start_idx': np.int64(3990), 'end_idx': np.int64(4059), 'score': np.float64(3.2758262397214444)}, {'start_idx': np.int64(4060), 'end_idx': np.int64(4127), 'score': np.float64(2.533864818420869)}, {'start_idx': np.int64(5390), 'end_idx': np.int64(5459), 'score': np.float64(8.752111966038543)}, {'start_idx': np.int64(5460), 'end_idx': np.int64(5529), 'score': np.float64(7.061045796894356)}, {'start_idx': np.int64(5530), 'end_idx': np.int64(5582), 'score': np.float64(5.640104602574435)}]",1,0,1,"[[5640, 5832]]","[(4170, 4377)]",1,"[{'start_idx': np.int64(3920), 'end_idx': np.int64(3989), 'score': np.float64(3.501613155891808)}, {'start_idx': np.int64(3990), 'end_idx': np.int64(4059), 'score': np.float64(3.2758262397214444)}, {'start_idx': np.int64(4060), 'end_idx': np.int64(4127), 'score': np.float64(2.533864818420869)}, {'start_idx': np.int64(5390), 'end_idx': np.int64(5459), 'score': np.float64(8.752111966038543)}, {'start_idx': np.int64(5460), 'end_idx': np.int64(5529), 'score': np.float64(7.061045796894356)}, {'start_idx': np.int64(5530), 'end_idx': np.int64(5582), 'score': np.float64(5.640104602574435)}]",SMAP,"[[4200, 4250]]",[point]
2025-04-27_09.46.26,T-1,2615,8352,1,0.04123185723157434,"[{'start_idx': np.int64(6300), 'end_idx': np.int64(6369), 'score': np.float64(1.9698825205441146)}, {'start_idx': np.int64(6370), 'end_idx': np.int64(6439), 'score': np.float64(3.008529671719293)}]",0,1,1,[],"[(6550, 6689)]",2,"[{'start_idx': np.int64(6300), 'end_idx': np.int64(6369), 'score': np.float64(1.9698825205441146)}, {'start_idx': np.int64(6370), 'end_idx': np.int64(6439), 'score': np.float64(3.008529671719293)}]",SMAP,"[[2399, 3898], [6550, 6585]]","[point, contextual]"
2025-04-27_09.46.26,T-2,2595,8365,0,0.04191673633120214,[],0,1,0,[],[],1,[],SMAP,"[[6840, 8624]]",[point]
2025-04-27_09.46.26,D-8,2342,7614,1,0.015975328084518816,"[{'start_idx': np.int64(4130), 'end_idx': np.int64(4199), 'score': np.float64(2.965088397121425)}, {'start_idx': np.int64(4200), 'end_idx': np.int64(4269), 'score': np.float64(2.2810468152087884)}]",0,0,1,[],"[(4380, 4519)]",1,"[{'start_idx': np.int64(4130), 'end_idx': np.int64(4199), 'score': np.float64(2.965088397121425)}, {'start_idx': np.int64(4200), 'end_idx': np.int64(4269), 'score': np.float64(2.2810468152087884)}]",SMAP,"[[4370, 4420]]",[point]
2025-04-27_09.46.26,D-9,2323,7146,2,0.019684327163663425,"[{'start_idx': np.int64(6160), 'end_idx': np.int64(6229), 'score': np.float64(7.871954273709575)}, {'start_idx': np.int64(6230), 'end_idx': np.int64(6299), 'score': np.float64(9.741051587186968)}, {'start_idx': np.int64(6300), 'end_idx': np.int64(6369), 'score': np.float64(7.323117773435124)}, {'start_idx': np.int64(7076), 'end_idx': np.int64(7145), 'score': np.float64(7.6415540724523545)}]",0,0,1,[],"[(6410, 6619), (7326, 7395)]",1,"[{'start_idx': np.int64(6160), 'end_idx': np.int64(6229), 'score': np.float64(7.871954273709575)}, {'start_idx': np.int64(6230), 'end_idx': np.int64(6299), 'score': np.float64(9.741051587186968)}, {'start_idx': np.int64(6300), 'end_idx': np.int64(6369), 'score': np.float64(7.323117773435124)}, {'start_idx': np.int64(7076), 'end_idx': np.int64(7145), 'score': np.float64(7.6415540724523545)}]",SMAP,"[[6250, 7405]]",[point]
2025-04-27_09.46.26,F-2,2601,8366,2,0.05026081810560069,"[{'start_idx': np.int64(5810), 'end_idx': np.int64(5879), 'score': np.float64(1.5588594232992679)}, {'start_idx': np.int64(5880), 'end_idx': np.int64(5949), 'score': np.float64(1.690413905133827)}, {'start_idx': np.int64(6510), 'end_idx': np.int64(6579), 'score': np.float64(2.6932127868558755)}, {'start_idx': np.int64(6580), 'end_idx': np.int64(6649), 'score': np.float64(3.388161938553527)}, {'start_idx': np.int64(6650), 'end_idx': np.int64(6719), 'score': np.float64(3.200447615344872)}]",0,0,1,[],"[(6060, 6199), (6760, 6969)]",1,"[{'start_idx': np.int64(5810), 'end_idx': np.int64(5879), 'score': np.float64(1.5588594232992679)}, {'start_idx': np.int64(5880), 'end_idx': np.int64(5949), 'score': np.float64(1.690413905133827)}, {'start_idx': np.int64(6510), 'end_idx': np.int64(6579), 'score': np.float64(2.6932127868558755)}, {'start_idx': np.int64(6580), 'end_idx': np.int64(6649), 'score': np.float64(3.388161938553527)}, {'start_idx': np.int64(6650), 'end_idx': np.int64(6719), 'score': np.float64(3.200447615344872)}]",SMAP,"[[5669, 8625]]",[point]
2025-04-27_09.46.26,G-4,2291,7372,1,0.003928732328032001,"[{'start_idx': np.int64(4410), 'end_idx': np.int64(4479), 'score': np.float64(11.214187285096596)}, {'start_idx': np.int64(4480), 'end_idx': np.int64(4549), 'score': np.float64(9.826713425423343)}, {'start_idx': np.int64(4550), 'end_idx': np.int64(4619), 'score': np.float64(7.078822141596522)}]",0,0,1,[],"[(4660, 4869)]",1,"[{'start_idx': np.int64(4410), 'end_idx': np.int64(4479), 'score': np.float64(11.214187285096596)}, {'start_idx': np.int64(4480), 'end_idx': np.int64(4549), 'score': np.float64(9.826713425423343)}, {'start_idx': np.int64(4550), 'end_idx': np.int64(4619), 'score': np.float64(7.078822141596522)}]",SMAP,"[[4690, 4720]]",[point]
2025-04-27_09.46.26,T-3,2616,8319,2,0.005700617991307577,"[{'start_idx': np.int64(1807), 'end_idx': np.int64(2068), 'score': np.float64(6.455014811078618)}, {'start_idx': np.int64(4970), 'end_idx': np.int64(5039), 'score': np.float64(6.511248858816965)}, {'start_idx': np.int64(5040), 'end_idx': np.int64(5109), 'score': np.float64(5.442685084174316)}, {'start_idx': np.int64(5110), 'end_idx': np.int64(5158), 'score': np.float64(4.465647159191443)}]",0,0,2,[],"[(2057, 2318), (5220, 5408)]",2,"[{'start_idx': np.int64(1807), 'end_idx': np.int64(2068), 'score': np.float64(6.455014811078618)}, {'start_idx': np.int64(4970), 'end_idx': np.int64(5039), 'score': np.float64(6.511248858816965)}, {'start_idx': np.int64(5040), 'end_idx': np.int64(5109), 'score': np.float64(5.442685084174316)}, {'start_idx': np.int64(5110), 'end_idx': np.int64(5158), 'score': np.float64(4.465647159191443)}]",SMAP,"[[2098, 2180], [5200, 5300]]","[point, point]"
2025-04-27_09.46.26,D-11,2351,7171,1,0.007252000329544784,"[{'start_idx': np.int64(3990), 'end_idx': np.int64(4059), 'score': np.float64(13.822047693106763)}, {'start_idx': np.int64(4060), 'end_idx': np.int64(4129), 'score': np.float64(11.804799593743217)}, {'start_idx': np.int64(4130), 'end_idx': np.int64(4190), 'score': np.float64(8.534094533575315)}]",0,0,1,[],"[(4240, 4440)]",1,"[{'start_idx': np.int64(3990), 'end_idx': np.int64(4059), 'score': np.float64(13.822047693106763)}, {'start_idx': np.int64(4060), 'end_idx': np.int64(4129), 'score': np.float64(11.804799593743217)}, {'start_idx': np.int64(4130), 'end_idx': np.int64(4190), 'score': np.float64(8.534094533575315)}]",SMAP,"[[4270, 4330]]",[point]
2025-04-27_09.46.26,D-12,52,7658,2,0.11288686918614511,"[{'start_idx': np.int64(5110), 'end_idx': np.int64(5179), 'score': np.float64(1.063956359241947)}, {'start_idx': np.int64(5180), 'end_idx': np.int64(5249), 'score': np.float64(2.007641908142684)}, {'start_idx': np.int64(5250), 'end_idx': np.int64(5319), 'score': np.float64(2.5814981810332593)}, {'start_idx': np.int64(5320), 'end_idx': np.int64(5389), 'score': np.float64(2.9857307822175403)}, {'start_idx': np.int64(5390), 'end_idx': np.int64(5459), 'score': np.float64(3.3020812711971175)}, {'start_idx': np.int64(7070), 'end_idx': np.int64(7139), 'score': np.float64(4.66875375981168)}, {'start_idx': np.int64(7140), 'end_idx': np.int64(7209), 'score': np.float64(4.929083257413768)}]",0,0,1,[],"[(5360, 5709), (7320, 7459)]",1,"[{'start_idx': np.int64(5110), 'end_idx': np.int64(5179), 'score': np.float64(1.063956359241947)}, {'start_idx': np.int64(5180), 'end_idx': np.int64(5249), 'score': np.float64(2.007641908142684)}, {'start_idx': np.int64(5250), 'end_idx': np.int64(5319), 'score': np.float64(2.5814981810332593)}, {'start_idx': np.int64(5320), 'end_idx': np.int64(5389), 'score': np.float64(2.9857307822175403)}, {'start_idx': np.int64(5390), 'end_idx': np.int64(5459), 'score': np.float64(3.3020812711971175)}, {'start_idx': np.int64(7070), 'end_idx': np.int64(7139), 'score': np.float64(4.66875375981168)}, {'start_idx': np.int64(7140), 'end_idx': np.int64(7209), 'score': np.float64(4.929083257413768)}]",SMAP,"[[5178, 7917]]",[point]
2025-04-27_09.46.26,B-1,2175,7784,1,0.06391839704927123,"[{'start_idx': np.int64(4760), 'end_idx': np.int64(4829), 'score': np.float64(4.228026593942626)}, {'start_idx': np.int64(4830), 'end_idx': np.int64(4899), 'score': np.float64(10.005086817208438)}, {'start_idx': np.int64(4900), 'end_idx': np.int64(4969), 'score': np.float64(8.97796666700745)}, {'start_idx': np.int64(4970), 'end_idx': np.int64(5039), 'score': np.float64(8.649285979765947)}, {'start_idx': np.int64(5040), 'end_idx': np.int64(5109), 'score': np.float64(8.33693042399074)}]",0,0,1,[],"[(5010, 5359)]",1,"[{'start_idx': np.int64(4760), 'end_idx': np.int64(4829), 'score': np.float64(4.228026593942626)}, {'start_idx': np.int64(4830), 'end_idx': np.int64(4899), 'score': np.float64(10.005086817208438)}, {'start_idx': np.int64(4900), 'end_idx': np.int64(4969), 'score': np.float64(8.97796666700745)}, {'start_idx': np.int64(4970), 'end_idx': np.int64(5039), 'score': np.float64(8.649285979765947)}, {'start_idx': np.int64(5040), 'end_idx': np.int64(5109), 'score': np.float64(8.33693042399074)}]",SMAP,"[[5060, 5130]]",[point]
2025-04-27_09.46.26,G-6,2621,8380,1,0.014603786784465535,"[{'start_idx': np.int64(5390), 'end_idx': np.int64(5459), 'score': np.float64(8.75192284303764)}, {'start_idx': np.int64(5460), 'end_idx': np.int64(5529), 'score': np.float64(6.467407677384185)}, {'start_idx': np.int64(5530), 'end_idx': np.int64(5567), 'score': np.float64(5.232536170547682)}]",0,0,1,[],"[(5640, 5817)]",1,"[{'start_idx': np.int64(5390), 'end_idx': np.int64(5459), 'score': np.float64(8.75192284303764)}, {'start_idx': np.int64(5460), 'end_idx': np.int64(5529), 'score': np.float64(6.467407677384185)}, {'start_idx': np.int64(5530), 'end_idx': np.int64(5567), 'score': np.float64(5.232536170547682)}]",SMAP,"[[5600, 5700]]",[point]
2025-04-27_09.46.26,G-7,2186,7769,5,0.021078847196590398,"[{'start_idx': np.int64(878), 'end_idx': np.int64(1197), 'score': np.float64(5.422207083567738)}, {'start_idx': np.int64(2450), 'end_idx': np.int64(2519), 'score': np.float64(5.678665179002737)}, {'start_idx': np.int64(3360), 'end_idx': np.int64(3429), 'score': np.float64(7.915300362095783)}, {'start_idx': np.int64(3430), 'end_idx': np.int64(3499), 'score': np.float64(11.901513261188821)}, {'start_idx': np.int64(3500), 'end_idx': np.int64(3569), 'score': np.float64(10.25690156346264)}, {'start_idx': np.int64(3570), 'end_idx': np.int64(3628), 'score': np.float64(7.801937252120764)}, {'start_idx': np.int64(4830), 'end_idx': np.int64(4899), 'score': np.float64(9.737361776320046)}, {'start_idx': np.int64(7280), 'end_idx': np.int64(7349), 'score': np.float64(6.9704263406451)}, {'start_idx': np.int64(7350), 'end_idx': np.int64(7419), 'score': np.float64(12.62903970454758)}, {'start_idx': np.int64(7420), 'end_idx': np.int64(7489), 'score': np.float64(11.4529201013031)}, {'start_idx': np.int64(7490), 'end_idx': np.int64(7559), 'score': np.float64(8.487700571801748)}, {'start_idx': np.int64(7560), 'end_idx': np.int64(7560), 'score': np.float64(7.951369173527888)}]",2,0,3,"[[1128, 1447], [2700, 2769]]","[(3610, 3878), (5080, 5149), (7530, 7810)]",3,"[{'start_idx': np.int64(878), 'end_idx': np.int64(1197), 'score': np.float64(5.422207083567738)}, {'start_idx': np.int64(2450), 'end_idx': np.int64(2519), 'score': np.float64(5.678665179002737)}, {'start_idx': np.int64(3360), 'end_idx': np.int64(3429), 'score': np.float64(7.915300362095783)}, {'start_idx': np.int64(3430), 'end_idx': np.int64(3499), 'score': np.float64(11.901513261188821)}, {'start_idx': np.int64(3500), 'end_idx': np.int64(3569), 'score': np.float64(10.25690156346264)}, {'start_idx': np.int64(3570), 'end_idx': np.int64(3628), 'score': np.float64(7.801937252120764)}, {'start_idx': np.int64(4830), 'end_idx': np.int64(4899), 'score': np.float64(9.737361776320046)}, {'start_idx': np.int64(7280), 'end_idx': np.int64(7349), 'score': np.float64(6.9704263406451)}, {'start_idx': np.int64(7350), 'end_idx': np.int64(7419), 'score': np.float64(12.62903970454758)}, {'start_idx': np.int64(7420), 'end_idx': np.int64(7489), 'score': np.float64(11.4529201013031)}, {'start_idx': np.int64(7490), 'end_idx': np.int64(7559), 'score': np.float64(8.487700571801748)}, {'start_idx': np.int64(7560), 'end_idx': np.int64(7560), 'score': np.float64(7.951369173527888)}]",SMAP,"[[3650, 3750], [5050, 5100], [7560, 7675]]","[contextual, point, contextual]"
2025-04-27_09.46.26,P-7,2593,7811,4,0.027864366452223118,"[{'start_idx': np.int64(606), 'end_idx': np.int64(1155), 'score': np.float64(2.1263615499641393)}, {'start_idx': np.int64(1231), 'end_idx': np.int64(1441), 'score': np.float64(2.1271188379277786)}, {'start_idx': np.int64(2100), 'end_idx': np.int64(2169), 'score': np.float64(2.519570655986235)}, {'start_idx': np.int64(2170), 'end_idx': np.int64(2239), 'score': np.float64(2.5433430468230753)}, {'start_idx': np.int64(4760), 'end_idx': np.int64(4829), 'score': np.float64(4.349941358541899)}, {'start_idx': np.int64(4830), 'end_idx': np.int64(4899), 'score': np.float64(5.921793533635637)}, {'start_idx': np.int64(4900), 'end_idx': np.int64(4969), 'score': np.float64(5.999294814920411)}, {'start_idx': np.int64(4970), 'end_idx': np.int64(5039), 'score': np.float64(5.815418651606879)}, {'start_idx': np.int64(5040), 'end_idx': np.int64(5109), 'score': np.float64(5.670117293425262)}, {'start_idx': np.int64(5110), 'end_idx': np.int64(5179), 'score': np.float64(5.86621174066886)}]",3,0,1,"[[856, 1405], [1481, 1691], [2350, 2489]]","[(5010, 5429)]",1,"[{'start_idx': np.int64(606), 'end_idx': np.int64(1155), 'score': np.float64(2.1263615499641393)}, {'start_idx': np.int64(1231), 'end_idx': np.int64(1441), 'score': np.float64(2.1271188379277786)}, {'start_idx': np.int64(2100), 'end_idx': np.int64(2169), 'score': np.float64(2.519570655986235)}, {'start_idx': np.int64(2170), 'end_idx': np.int64(2239), 'score': np.float64(2.5433430468230753)}, {'start_idx': np.int64(4760), 'end_idx': np.int64(4829), 'score': np.float64(4.349941358541899)}, {'start_idx': np.int64(4830), 'end_idx': np.int64(4899), 'score': np.float64(5.921793533635637)}, {'start_idx': np.int64(4900), 'end_idx': np.int64(4969), 'score': np.float64(5.999294814920411)}, {'start_idx': np.int64(4970), 'end_idx': np.int64(5039), 'score': np.float64(5.815418651606879)}, {'start_idx': np.int64(5040), 'end_idx': np.int64(5109), 'score': np.float64(5.670117293425262)}, {'start_idx': np.int64(5110), 'end_idx': np.int64(5179), 'score': np.float64(5.86621174066886)}]",SMAP,"[[4950, 6600]]",[contextual]
2025-04-27_09.46.26,R-1,2614,6984,1,0.0067859838107538935,"[{'start_idx': np.int64(4270), 'end_idx': np.int64(4339), 'score': np.float64(5.431950137908926)}, {'start_idx': np.int64(4340), 'end_idx': np.int64(4409), 'score': np.float64(4.944626634074741)}, {'start_idx': np.int64(4410), 'end_idx': np.int64(4475), 'score': np.float64(3.7751210844695815)}]",0,0,1,[],"[(4520, 4725)]",1,"[{'start_idx': np.int64(4270), 'end_idx': np.int64(4339), 'score': np.float64(5.431950137908926)}, {'start_idx': np.int64(4340), 'end_idx': np.int64(4409), 'score': np.float64(4.944626634074741)}, {'start_idx': np.int64(4410), 'end_idx': np.int64(4475), 'score': np.float64(3.7751210844695815)}]",SMAP,"[[4510, 4590]]",[point]
2025-04-27_09.46.26,A-5,445,4433,1,0.05840223456163618,"[{'start_idx': np.int64(2450), 'end_idx': np.int64(2519), 'score': np.float64(6.456990839683535)}, {'start_idx': np.int64(2520), 'end_idx': np.int64(2589), 'score': np.float64(8.264283549143958)}, {'start_idx': np.int64(2590), 'end_idx': np.int64(2659), 'score': np.float64(7.001523103874219)}]",0,0,1,[],"[(2700, 2909)]",1,"[{'start_idx': np.int64(2450), 'end_idx': np.int64(2519), 'score': np.float64(6.456990839683535)}, {'start_idx': np.int64(2520), 'end_idx': np.int64(2589), 'score': np.float64(8.264283549143958)}, {'start_idx': np.int64(2590), 'end_idx': np.int64(2659), 'score': np.float64(7.001523103874219)}]",SMAP,"[[2750, 2800]]",[point]
2025-04-27_09.46.26,A-6,422,4193,1,0.024061856088123664,"[{'start_idx': np.int64(1555), 'end_idx': np.int64(1835), 'score': np.float64(8.023496777690822)}]",0,0,1,[],"[(1805, 2085)]",1,"[{'start_idx': np.int64(1555), 'end_idx': np.int64(1835), 'score': np.float64(8.023496777690822)}]",SMAP,"[[1890, 1930]]",[point]
2025-04-27_09.46.26,A-7,2619,8371,1,0.06740691492806376,"[{'start_idx': np.int64(6020), 'end_idx': np.int64(6089), 'score': np.float64(2.3402023019587026)}, {'start_idx': np.int64(6090), 'end_idx': np.int64(6159), 'score': np.float64(3.2731634273485914)}, {'start_idx': np.int64(6160), 'end_idx': np.int64(6229), 'score': np.float64(3.5739314425765505)}, {'start_idx': np.int64(6230), 'end_idx': np.int64(6299), 'score': np.float64(3.8678806273360835)}, {'start_idx': np.int64(6300), 'end_idx': np.int64(6369), 'score': np.float64(4.1387208152626265)}, {'start_idx': np.int64(6370), 'end_idx': np.int64(6439), 'score': np.float64(4.164632441674145)}, {'start_idx': np.int64(6440), 'end_idx': np.int64(6509), 'score': np.float64(4.2061742838688705)}]",0,0,1,[],"[(6270, 6759)]",1,"[{'start_idx': np.int64(6020), 'end_idx': np.int64(6089), 'score': np.float64(2.3402023019587026)}, {'start_idx': np.int64(6090), 'end_idx': np.int64(6159), 'score': np.float64(3.2731634273485914)}, {'start_idx': np.int64(6160), 'end_idx': np.int64(6229), 'score': np.float64(3.5739314425765505)}, {'start_idx': np.int64(6230), 'end_idx': np.int64(6299), 'score': np.float64(3.8678806273360835)}, {'start_idx': np.int64(6300), 'end_idx': np.int64(6369), 'score': np.float64(4.1387208152626265)}, {'start_idx': np.int64(6370), 'end_idx': np.int64(6439), 'score': np.float64(4.164632441674145)}, {'start_idx': np.int64(6440), 'end_idx': np.int64(6509), 'score': np.float64(4.2061742838688705)}]",SMAP,"[[6200, 8600]]",[contextual]
2025-04-27_09.46.26,D-13,1230,7403,1,0.03422860515143007,"[{'start_idx': np.int64(4830), 'end_idx': np.int64(4899), 'score': np.float64(8.103772127933471)}, {'start_idx': np.int64(4900), 'end_idx': np.int64(4969), 'score': np.float64(10.032053806737268)}, {'start_idx': np.int64(4970), 'end_idx': np.int64(5039), 'score': np.float64(8.850784643492508)}, {'start_idx': np.int64(5040), 'end_idx': np.int64(5106), 'score': np.float64(7.670386149566314)}]",0,0,1,[],"[(5080, 5356)]",1,"[{'start_idx': np.int64(4830), 'end_idx': np.int64(4899), 'score': np.float64(8.103772127933471)}, {'start_idx': np.int64(4900), 'end_idx': np.int64(4969), 'score': np.float64(10.032053806737268)}, {'start_idx': np.int64(4970), 'end_idx': np.int64(5039), 'score': np.float64(8.850784643492508)}, {'start_idx': np.int64(5040), 'end_idx': np.int64(5106), 'score': np.float64(7.670386149566314)}]",SMAP,"[[5070, 5230]]",[point]
2025-04-27_09.46.26,P-2,2561,7949,1,0.05483281120514548,"[{'start_idx': np.int64(5040), 'end_idx': np.int64(5109), 'score': np.float64(11.488548191974767)}, {'start_idx': np.int64(5110), 'end_idx': np.int64(5179), 'score': np.float64(13.241330592641914)}, {'start_idx': np.int64(5180), 'end_idx': np.int64(5249), 'score': np.float64(12.097536872585675)}, {'start_idx': np.int64(5250), 'end_idx': np.int64(5319), 'score': np.float64(10.959709330211103)}, {'start_idx': np.int64(5320), 'end_idx': np.int64(5389), 'score': np.float64(10.310690488040512)}, {'start_idx': np.int64(5390), 'end_idx': np.int64(5459), 'score': np.float64(9.781732939812226)}, {'start_idx': np.int64(5460), 'end_idx': np.int64(5502), 'score': np.float64(9.180891016667358)}]",0,0,1,[],"[(5290, 5752)]",1,"[{'start_idx': np.int64(5040), 'end_idx': np.int64(5109), 'score': np.float64(11.488548191974767)}, {'start_idx': np.int64(5110), 'end_idx': np.int64(5179), 'score': np.float64(13.241330592641914)}, {'start_idx': np.int64(5180), 'end_idx': np.int64(5249), 'score': np.float64(12.097536872585675)}, {'start_idx': np.int64(5250), 'end_idx': np.int64(5319), 'score': np.float64(10.959709330211103)}, {'start_idx': np.int64(5320), 'end_idx': np.int64(5389), 'score': np.float64(10.310690488040512)}, {'start_idx': np.int64(5390), 'end_idx': np.int64(5459), 'score': np.float64(9.781732939812226)}, {'start_idx': np.int64(5460), 'end_idx': np.int64(5502), 'score': np.float64(9.180891016667358)}]",SMAP,"[[5300, 6420]]",[point]
2025-04-27_09.46.26,A-8,502,8115,2,0.13297964887730515,"[{'start_idx': np.int64(7420), 'end_idx': np.int64(7489), 'score': np.float64(5.225389271619037)}, {'start_idx': np.int64(7490), 'end_idx': np.int64(7559), 'score': np.float64(5.389740045016295)}, {'start_idx': np.int64(7560), 'end_idx': np.int64(7629), 'score': np.float64(5.569987807189674)}, {'start_idx': np.int64(7630), 'end_idx': np.int64(7699), 'score': np.float64(5.7890071306501865)}, {'start_idx': np.int64(7700), 'end_idx': np.int64(7769), 'score': np.float64(5.9048462269035475)}, {'start_idx': np.int64(7770), 'end_idx': np.int64(7839), 'score': np.float64(6.050633287783085)}, {'start_idx': np.int64(7840), 'end_idx': np.int64(7909), 'score': np.float64(6.2052829978551545)}, {'start_idx': np.int64(7910), 'end_idx': np.int64(7979), 'score': np.float64(7.397133093613661)}, {'start_idx': np.int64(8045), 'end_idx': np.int64(8114), 'score': np.float64(8.686820359587594)}]",0,0,1,[],"[(7670, 8229), (8295, 8364)]",1,"[{'start_idx': np.int64(7420), 'end_idx': np.int64(7489), 'score': np.float64(5.225389271619037)}, {'start_idx': np.int64(7490), 'end_idx': np.int64(7559), 'score': np.float64(5.389740045016295)}, {'start_idx': np.int64(7560), 'end_idx': np.int64(7629), 'score': np.float64(5.569987807189674)}, {'start_idx': np.int64(7630), 'end_idx': np.int64(7699), 'score': np.float64(5.7890071306501865)}, {'start_idx': np.int64(7700), 'end_idx': np.int64(7769), 'score': np.float64(5.9048462269035475)}, {'start_idx': np.int64(7770), 'end_idx': np.int64(7839), 'score': np.float64(6.050633287783085)}, {'start_idx': np.int64(7840), 'end_idx': np.int64(7909), 'score': np.float64(6.2052829978551545)}, {'start_idx': np.int64(7910), 'end_idx': np.int64(7979), 'score': np.float64(7.397133093613661)}, {'start_idx': np.int64(8045), 'end_idx': np.int64(8114), 'score': np.float64(8.686820359587594)}]",SMAP,"[[4569, 8374]]",[contextual]
2025-04-27_09.46.26,A-9,502,8174,1,0.44419048522935883,"[{'start_idx': np.int64(7980), 'end_idx': np.int64(8049), 'score': np.float64(1.0407043240504212)}]",0,0,1,[],"[(8230, 8299)]",1,"[{'start_idx': np.int64(7980), 'end_idx': np.int64(8049), 'score': np.float64(1.0407043240504212)}]",SMAP,"[[4569, 8433]]",[contextual]
2025-04-27_09.46.26,F-3,2620,8116,0,0.0030559152507930324,[],0,1,0,[],[],1,[],SMAP,"[[5600, 5640]]",[contextual]
2025-04-27_09.46.26,M-6,1305,1789,1,0.049283196267957616,"[{'start_idx': np.int64(1565), 'end_idx': np.int64(1788), 'score': np.float64(12.127214452623717)}]",0,0,1,[],"[(1815, 2038)]",1,"[{'start_idx': np.int64(1565), 'end_idx': np.int64(1788), 'score': np.float64(12.127214452623717)}]",MSL,"[[1850, 2030]]",[point]
2025-04-27_09.46.26,M-1,1949,2017,1,0.05359757422199301,"[{'start_idx': np.int64(250), 'end_idx': np.int64(530), 'score': np.float64(4.653932372787713)}]",1,1,0,"[[500, 780]]",[],1,"[{'start_idx': np.int64(250), 'end_idx': np.int64(530), 'score': np.float64(4.653932372787713)}]",MSL,"[[1110, 2250]]",[contextual]
2025-04-27_09.46.26,M-2,1948,2017,0,0.08596285738566503,[],0,1,0,[],[],1,[],MSL,"[[1110, 2250]]",[contextual]
2025-04-27_09.46.26,S-2,666,1567,1,0.01708969951208488,"[{'start_idx': np.int64(556), 'end_idx': np.int64(815), 'score': np.float64(6.505867120949011)}]",0,0,1,[],"[(806, 1065)]",1,"[{'start_idx': np.int64(556), 'end_idx': np.int64(815), 'score': np.float64(6.505867120949011)}]",MSL,"[[900, 910]]",[point]
2025-04-27_09.46.26,P-10,4048,5840,1,0.044283483453085075,"[{'start_idx': np.int64(4340), 'end_idx': np.int64(4409), 'score': np.float64(10.192256178980397)}, {'start_idx': np.int64(4410), 'end_idx': np.int64(4479), 'score': np.float64(11.83559269993375)}, {'start_idx': np.int64(4480), 'end_idx': np.int64(4549), 'score': np.float64(11.64636182201788)}, {'start_idx': np.int64(4550), 'end_idx': np.int64(4619), 'score': np.float64(10.67121241696014)}, {'start_idx': np.int64(4620), 'end_idx': np.int64(4689), 'score': np.float64(9.0239038683341)}]",0,0,1,[],"[(4590, 4939)]",1,"[{'start_idx': np.int64(4340), 'end_idx': np.int64(4409), 'score': np.float64(10.192256178980397)}, {'start_idx': np.int64(4410), 'end_idx': np.int64(4479), 'score': np.float64(11.83559269993375)}, {'start_idx': np.int64(4480), 'end_idx': np.int64(4549), 'score': np.float64(11.64636182201788)}, {'start_idx': np.int64(4550), 'end_idx': np.int64(4619), 'score': np.float64(10.67121241696014)}, {'start_idx': np.int64(4620), 'end_idx': np.int64(4689), 'score': np.float64(9.0239038683341)}]",MSL,"[[4590, 4720]]",[point]
2025-04-27_09.46.26,T-4,2012,1957,0,0.09071669930389449,[],0,1,0,[],[],1,[],MSL,"[[1172, 1240]]",[point]
2025-04-27_09.46.26,T-5,2012,1958,1,0.005652215578043599,"[{'start_idx': np.int64(864), 'end_idx': np.int64(1131), 'score': np.float64(13.655735804501981)}]",0,0,1,[],"[(1114, 1381)]",1,"[{'start_idx': np.int64(864), 'end_idx': np.int64(1131), 'score': np.float64(13.655735804501981)}]",MSL,"[[1200, 1225]]",[point]
2025-04-27_09.46.26,F-7,2251,4794,3,0.17313920818020592,"[{'start_idx': np.int64(1054), 'end_idx': np.int64(1328), 'score': np.float64(3.660034239175713)}, {'start_idx': np.int64(1720), 'end_idx': np.int64(1925), 'score': np.float64(3.4286125256428233)}, {'start_idx': np.int64(2450), 'end_idx': np.int64(2519), 'score': np.float64(3.6994302102574204)}, {'start_idx': np.int64(2520), 'end_idx': np.int64(2589), 'score': np.float64(3.8346884160409007)}, {'start_idx': np.int64(2590), 'end_idx': np.int64(2634), 'score': np.float64(3.769796600588739)}]",1,1,2,"[[1970, 2175]]","[(1304, 1578), (2700, 2884)]",3,"[{'start_idx': np.int64(1054), 'end_idx': np.int64(1328), 'score': np.float64(3.660034239175713)}, {'start_idx': np.int64(1720), 'end_idx': np.int64(1925), 'score': np.float64(3.4286125256428233)}, {'start_idx': np.int64(2450), 'end_idx': np.int64(2519), 'score': np.float64(3.6994302102574204)}, {'start_idx': np.int64(2520), 'end_idx': np.int64(2589), 'score': np.float64(3.8346884160409007)}, {'start_idx': np.int64(2590), 'end_idx': np.int64(2634), 'score': np.float64(3.769796600588739)}]",MSL,"[[1250, 1450], [2670, 2790], [3325, 3425]]","[contextual, contextual, contextual]"
2025-04-27_09.46.26,M-3,1777,1867,0,0.08680887852067282,[],0,1,0,[],[],1,[],MSL,"[[1250, 1500]]",[contextual]
2025-04-27_09.46.26,M-4,1816,1778,0,0.10710977084497576,[],0,1,0,[],[],1,[],MSL,"[[1250, 1500]]",[contextual]
2025-04-27_09.46.26,M-5,1772,2043,1,0.11180038196945605,"[{'start_idx': np.int64(1287), 'end_idx': np.int64(1541), 'score': np.float64(4.370282291982419)}]",0,0,1,[],"[(1537, 1791)]",1,"[{'start_idx': np.int64(1287), 'end_idx': np.int64(1541), 'score': np.float64(4.370282291982419)}]",MSL,"[[1250, 1550]]",[contextual]
2025-04-27_09.46.26,P-15,3422,2596,1,0.03927828458895921,"[{'start_idx': np.int64(1053), 'end_idx': np.int64(1309), 'score': np.float64(7.0863934781205895)}]",0,0,1,[],"[(1303, 1559)]",1,"[{'start_idx': np.int64(1053), 'end_idx': np.int64(1309), 'score': np.float64(7.0863934781205895)}]",MSL,"[[1390, 1410]]",[point]
2025-04-27_09.46.26,C-1,1898,2004,1,0.03352988305213553,"[{'start_idx': np.int64(250), 'end_idx': np.int64(512), 'score': np.float64(6.248920000575678)}]",0,1,1,[],"[(500, 762)]",2,"[{'start_idx': np.int64(250), 'end_idx': np.int64(512), 'score': np.float64(6.248920000575678)}]",MSL,"[[550, 750], [2100, 2210]]","[point, contextual]"
2025-04-27_09.46.26,C-2,504,1791,1,0.14183918439009957,"[{'start_idx': np.int64(0), 'end_idx': np.int64(193), 'score': np.float64(5.477012159311822)}]",0,1,1,[],"[(250, 443)]",2,"[{'start_idx': np.int64(0), 'end_idx': np.int64(193), 'score': np.float64(5.477012159311822)}]",MSL,"[[290, 390], [1540, 1575]]","[point, contextual]"
2025-04-27_09.46.26,T-12,885,2170,1,0.03388371824768866,"[{'start_idx': np.int64(366), 'end_idx': np.int64(598), 'score': np.float64(4.138668169742871)}]",0,0,1,[],"[(616, 848)]",1,"[{'start_idx': np.int64(366), 'end_idx': np.int64(598), 'score': np.float64(4.138668169742871)}]",MSL,"[[630, 750]]",[contextual]
2025-04-27_09.46.26,T-13,885,2170,0,0.022854462452340147,[],0,2,0,[],[],2,[],MSL,"[[690, 790], [1900, 2050]]","[contextual, contextual]"
2025-04-27_09.46.26,F-4,1984,3162,1,0.03270468329352248,"[{'start_idx': np.int64(2450), 'end_idx': np.int64(2519), 'score': np.float64(5.572754249389278)}, {'start_idx': np.int64(2520), 'end_idx': np.int64(2589), 'score': np.float64(5.506779138297046)}]",0,0,1,[],"[(2700, 2839)]",1,"[{'start_idx': np.int64(2450), 'end_idx': np.int64(2519), 'score': np.float64(5.572754249389278)}, {'start_idx': np.int64(2520), 'end_idx': np.int64(2589), 'score': np.float64(5.506779138297046)}]",MSL,"[[2700, 2770]]",[point]
2025-04-27_09.46.26,F-5,2338,3662,1,0.02280769814828909,"[{'start_idx': np.int64(3290), 'end_idx': np.int64(3359), 'score': np.float64(14.56817274440473)}, {'start_idx': np.int64(3360), 'end_idx': np.int64(3429), 'score': np.float64(13.48466893073443)}, {'start_idx': np.int64(3430), 'end_idx': np.int64(3499), 'score': np.float64(11.791790925187476)}, {'start_idx': np.int64(3500), 'end_idx': np.int64(3559), 'score': np.float64(9.167418069949585)}]",0,0,1,[],"[(3540, 3809)]",1,"[{'start_idx': np.int64(3290), 'end_idx': np.int64(3359), 'score': np.float64(14.56817274440473)}, {'start_idx': np.int64(3360), 'end_idx': np.int64(3429), 'score': np.float64(13.48466893073443)}, {'start_idx': np.int64(3430), 'end_idx': np.int64(3499), 'score': np.float64(11.791790925187476)}, {'start_idx': np.int64(3500), 'end_idx': np.int64(3559), 'score': np.float64(9.167418069949585)}]",MSL,"[[3550, 3700]]",[point]
2025-04-27_09.46.26,D-14,3415,2365,1,0.04509841166807964,"[{'start_idx': np.int64(1546), 'end_idx': np.int64(1878), 'score': np.float64(10.596657792141531)}]",0,1,1,[],"[(1796, 2128)]",2,"[{'start_idx': np.int64(1546), 'end_idx': np.int64(1878), 'score': np.float64(10.596657792141531)}]",MSL,"[[1630, 1650], [1800, 2000]]","[point, point]"
2025-04-27_09.46.26,T-9,179,836,0,0.18894680954586,[],0,2,0,[],[],2,[],MSL,"[[780, 810], [890, 970]]","[point, point]"
2025-04-27_09.46.26,P-14,2620,5840,1,0.015836798926151842,"[{'start_idx': np.int64(4340), 'end_idx': np.int64(4409), 'score': np.float64(11.740181822311262)}, {'start_idx': np.int64(4410), 'end_idx': np.int64(4479), 'score': np.float64(12.611390248589581)}, {'start_idx': np.int64(4480), 'end_idx': np.int64(4549), 'score': np.float64(10.39968307848897)}, {'start_idx': np.int64(4550), 'end_idx': np.int64(4619), 'score': np.float64(9.058255672661666)}, {'start_idx': np.int64(4620), 'end_idx': np.int64(4639), 'score': np.float64(7.91923046792389)}]",0,0,1,[],"[(4590, 4889)]",1,"[{'start_idx': np.int64(4340), 'end_idx': np.int64(4409), 'score': np.float64(11.740181822311262)}, {'start_idx': np.int64(4410), 'end_idx': np.int64(4479), 'score': np.float64(12.611390248589581)}, {'start_idx': np.int64(4480), 'end_idx': np.int64(4549), 'score': np.float64(10.39968307848897)}, {'start_idx': np.int64(4550), 'end_idx': np.int64(4619), 'score': np.float64(9.058255672661666)}, {'start_idx': np.int64(4620), 'end_idx': np.int64(4639), 'score': np.float64(7.91923046792389)}]",MSL,"[[4575, 4755]]",[point]
2025-04-27_09.46.26,T-8,488,1259,2,0.04124545002312377,"[{'start_idx': np.int64(536), 'end_idx': np.int64(787), 'score': np.float64(4.3887825307071635)}, {'start_idx': np.int64(1023), 'end_idx': np.int64(1240), 'score': np.float64(4.185992891173089)}]",0,0,2,[],"[(786, 1037), (1273, 1490)]",2,"[{'start_idx': np.int64(536), 'end_idx': np.int64(787), 'score': np.float64(4.3887825307071635)}, {'start_idx': np.int64(1023), 'end_idx': np.int64(1240), 'score': np.float64(4.185992891173089)}]",MSL,"[[870, 930], [1330, 1370]]","[contextual, contextual]"
2025-04-27_09.46.26,P-11,3709,3275,2,0.02390493067333962,"[{'start_idx': np.int64(954), 'end_idx': np.int64(1207), 'score': np.float64(3.7175419790052415)}, {'start_idx': np.int64(1500), 'end_idx': np.int64(1756), 'score': np.float64(3.883033709293969)}]",0,0,2,[],"[(1204, 1457), (1750, 2006)]",2,"[{'start_idx': np.int64(954), 'end_idx': np.int64(1207), 'score': np.float64(3.7175419790052415)}, {'start_idx': np.int64(1500), 'end_idx': np.int64(1756), 'score': np.float64(3.883033709293969)}]",MSL,"[[1778, 1898], [1238, 1344]]","[point, point]"
2025-04-27_09.46.26,D-15,1814,1898,0,0.1532776095842208,[],0,1,0,[],[],1,[],MSL,"[[1500, 2140]]",[point]
2025-04-27_09.46.26,D-16,1191,1931,1,0.18637886542312165,"[{'start_idx': np.int64(463), 'end_idx': np.int64(708), 'score': np.float64(5.370875954114144)}]",0,0,1,[],"[(713, 958)]",1,"[{'start_idx': np.int64(463), 'end_idx': np.int64(708), 'score': np.float64(5.370875954114144)}]",MSL,"[[600, 1250]]",[contextual]
2025-04-27_09.46.26,M-7,1327,1896,1,0.017452683256723573,"[{'start_idx': np.int64(611), 'end_idx': np.int64(910), 'score': np.float64(12.080597428320171)}]",0,0,1,[],"[(861, 1160)]",1,"[{'start_idx': np.int64(611), 'end_idx': np.int64(910), 'score': np.float64(12.080597428320171)}]",MSL,"[[940, 1040]]",[point]
2025-04-27_09.46.26,F-8,3082,2227,1,0.08996468475570712,"[{'start_idx': np.int64(1719), 'end_idx': np.int64(1966), 'score': np.float64(6.012053476593942)}]",0,0,1,[],"[(1969, 2216)]",1,"[{'start_idx': np.int64(1719), 'end_idx': np.int64(1966), 'score': np.float64(6.012053476593942)}]",MSL,"[[1950, 2486]]",[contextual]
